char_4119_wanqin	万顷	禾生
char_4223_botany	伯塔尼	季申娜
char_4032_provs	但书	黛丝特
char_4208_wintim	冬时	科谢尼娅
char_4051_akkord	协律	托妮娅
char_291_aglina	安洁莉娜	安心院安洁莉娜
char_1023_ghost2	幽灵鲨	劳伦缇娜
char_275_breeze	微风	格蕾丝
char_4199_makiri	松桐	森内彻
char_4080_lin	林	林雨霞
char_450_necras	死芒	爱布拉娜
char_4177_brigid	水灯心	布莉吉
char_4042_lumen	流明	乔迪
char_377_gdglow	澄闪	苏茜
char_194_leto	烈夏	罗莎琳
char_1040_blaze2	煌	顾烛煌
char_4015_spuria	空构	斯普莉雅
char_4117_ray	莱伊	莱叶菈
char_421_crow	羽毛笔	拉菲艾拉
char_4106_bryota	苍苔	埃尼斯
char_4155_talr	裁度	卢奇诺
char_4225_tanya	裂响	瑭雅
char_4036_forcer	见行者	艾泽尔
char_430_fartth	远牙	查丝汀娜
char_4202_haruka	遥	紫野遥
char_358_lisa	铃兰	丽萨
char_4062_totter	铅踝	托特尔
char_498_inside	隐现	里凯莱
char_488_buildr	青枳	安麦尔
char_486_takila	龙舌兰	埃内斯托