char_009_12fce	12F
char_4188_confes	CONFESS-47
char_286_cast3	Castle-3
char_4093_frston	Friston-3
char_285_medic2	Lancet-2
char_4198_christ	Miss.Christine
char_4179_monstr	Mon3tr
char_4136_phonor	PhonoR-0
char_376_therex	Thermal-EX
char_4091_ulika	U-Official
char_113_cqbw	W
char_4000_jnight	“正义骑士号”
char_4119_wanqin	万顷（禾生）
char_4184_dolris	三角初华
char_4182_oblvns	丰川祥子
char_148_nearl	临光
char_4224_turdus	乌啾
char_4145_ulpia	乌尔比安
char_455_nothin	乌有
char_4019_ncdeer	九色鹿
char_4165_ctrail	云迹
char_345_folnic	亚叶
char_4082_qiubai	仇白
char_2023_ling	令
char_4087_ines	伊内丝
char_355_ethan	伊桑
char_134_ifrit	伊芙利特
char_491_humus	休谟斯
char_4223_botany	伯塔尼（季申娜）
char_427_vigil	伺夜
char_4032_provs	但书（黛丝特）
char_2026_yu	余
char_4058_pepe	佩佩
char_4194_rmixer	信仰搅拌机
char_250_phatom	傀影
char_124_kroos	克洛丝
char_4186_tmoris	八幡海铃
char_4208_wintim	冬时（科谢尼娅）
char_4104_coldst	冰酿
char_115_headbr	凛冬
char_4102_threye	凛视
char_003_kalts	凯尔希
char_4162_cathy	凯瑟琳
char_174_slbell	初雪
char_494_vendla	刺玫
char_2013_cerber	刻俄柏
char_301_cutter	刻刀
char_4125_rdoc	医生
char_171_warfarin	华法琳
char_4051_akkord	协律（托妮娅）
char_214_kafka	卡夫卡
char_426_billro	卡涅利安
char_209_ardign	卡缇
char_328_cammou	卡达
char_4124_iana	双月
char_196_sunbr	古米
char_4228_closur	可露希尔
char_201_moeshd	可颂
char_350_surtr	史尔特尔
char_210_stward	史都华德
char_4039_horn	号角
char_4203_kichi	吉星
char_226_hmau	吽
char_297_hamoni	和弦
char_4114_harold	哈洛德
char_394_hadiya	哈蒂娅
char_4214_cairn	响石
char_187_ccheal	嘉维尔
char_365_aprl	四月
char_155_tiger	因陀罗
char_402_tuye	图耶
char_183_skgoat	地灵
char_260_durnar	坚雷
char_4043_erato	埃拉托
char_245_cello	塑心
char_202_demkni	塞雷娅
char_4031_liesel	复奏
char_492_quercu	夏栎
char_2015_dusk	夕
char_4048_doroth	多萝西
char_502_nblade	夜刀
char_476_blkngt	夜半
char_141_nights	夜烟
char_179_cgbird	夜莺
char_164_nightm	夜魔
char_166_skfire	天火
char_4213_skybx	天空盒
char_346_aosta	奥斯塔
char_4131_odda	奥达
char_4146_nymph	妮芙
char_4138_narant	娜仁图亚
char_4212_nasti	娜斯提
char_4014_lunacu	子月
char_272_strong	孑
char_158_milu	守林人
char_218_cuttle	安哲拉
char_211_adnach	安德切尔
char_302_glaze	安比尔
char_291_aglina	安洁莉娜（安心院安洁莉娜）
char_212_ansel	安赛尔
char_337_utage	宴
char_341_sntlla	寒檀
char_4052_surfer	寻澜
char_4126_fuze	导火索
char_4122_grabds	小满
char_4067_lolxh	小黑
char_264_f12yin	山
char_173_slchan	崖心
char_362_saga	嵯峨
char_503_rang	巡林者
char_4121_zuole	左乐
char_254_vodfox	巫恋
char_4004_pudd	布丁
char_356_broca	布洛卡
char_485_pallas	帕拉斯
char_2014_nian	年
char_143_ghost	幽灵鲨（劳伦缇娜）
char_472_pasngr	异客
char_1502_crosly	弑君者
char_4196_reckpr	录武官
char_275_breeze	微风（格蕾丝）
char_102_texas	德克萨斯
char_4026_vulpis	忍冬
char_306_leizi	惊蛰（麟青砚）
char_379_sesa	慑砂
char_185_frncat	慕斯
char_459_tachak	战车
char_4078_bdhkgt	截云
char_4110_delphn	戴菲恩
char_499_kaitou	折光
char_4207_branch	折桠
char_140_whitew	拉普兰德
char_325_bison	拜松
char_433_windft	掠风
char_112_siege	推进之王（维娜·维多利亚）
char_2012_typhon	提丰
char_4166_varkis	摆渡人
char_154_morgan	摩根
char_284_spot	斑点
char_4065_judge	斥罪
char_294_ayer	断崖
char_159_peacok	断罪者
char_263_skadi	斯卡蒂
char_197_poca	早露
char_4071_peper	明椒
char_274_astesi	星极
char_135_halo	星源
char_136_hsguma	星熊
char_497_ctable	晓歌
char_145_prove	普罗旺斯
char_236_rope	暗索
char_230_savage	暴行
char_304_zebra	暴雨
char_343_tknogi	月禾
char_283_midn	月见夜
char_2027_wang	望
char_117_myrrh	末药
char_509_acast	术髓
char_4105_almond	杏仁
char_130_doberm	杜宾
char_501_durin	杜林
char_347_jaksel	杰克
char_235_jesica	杰西卡
char_440_pinecn	松果
char_4199_makiri	松桐（森内彻）
char_422_aurora	极光
char_401_elysm	极境
char_4080_lin	林（林雨霞）
char_252_bibeak	柏喙
char_326_glacus	格劳克斯
char_220_grani	格拉尼
char_253_greyy	格雷伊
char_151_myrtle	桃金娘
char_473_mberry	桑葚（谷宁宁）
char_133_mm	梅
char_242_otter	梅尔
char_278_orchid	梓兰
char_293_thorns	棘刺
char_416_zumama	森蚺
char_4143_sensi	森西
char_243_waaifu	槐琥
char_474_glady	歌蕾蒂娅
char_4011_lessng	止颂
char_450_necras	死芒（爱布拉娜）
char_437_mizuki	水月
char_4177_brigid	水灯心（布莉吉）
char_281_popka	泡普卡
char_381_bubble	泡泡
char_487_bobb	波卜
char_258_podego	波登可
char_311_mudrok	泥岩
char_4077_palico	泰拉大陆调查团
char_464_cement	洋灰
char_4040_rockr	洛洛
char_4042_lumen	流明（乔迪）
char_126_shotst	流星
char_4066_highmo	海沫
char_4045_heidi	海蒂
char_4079_haini	海霓
char_4137_udflow	深巡
char_4109_baslin	深律
char_110_deepcl	深海色
char_469_indigo	深靛
char_385_finlpp	清流
char_149_scave	清道夫
char_4147_mitm	渡桥
char_4081_warmy	温米
char_400_weedy	温蒂
char_377_gdglow	澄闪（苏茜）
char_493_firwhl	火哨
char_163_hpsts	火神
char_367_swllow	灰喉
char_431_ashlok	灰毫
char_456_ash	灰烬
char_206_gnosis	灵知
char_131_flameb	炎客
char_121_lava	炎熔
char_194_leto	烈夏（罗莎琳）
char_420_flamtl	焰尾
char_017_huang	煌（顾烛煌）
char_363_toddi	熔泉
char_415_flint	燧石
char_338_iris	爱丽丝
char_4164_tecno	特克诺
char_411_tomimi	特米米
char_215_mantic	狮蝎
char_137_brownb	猎蜂
char_4064_mlynar	玛恩纳
char_4141_marcil	玛露西尔
char_208_melan	玫兰莎
char_4006_melnte	玫拉
char_479_sleach	琴柳
char_423_blemsh	瑕光
char_4163_rosesa	瑰盐
char_4195_radian	电弧（Radian）
char_204_platnm	白金
char_4072_ironmn	白铁
char_118_yuki	白雪
char_128_plosis	白面鸮
char_195_glassb	真理
char_4204_mantra	真言
char_4221_ju	矩
char_378_asbest	石棉
char_4063_quartz	石英
char_237_gravel	砾
char_4185_amoris	祐天寺若麦
char_336_folivo	稀音
char_101_sora	空
char_332_archet	空弦
char_4015_spuria	空构（斯普莉雅）
char_282_catap	空爆
char_122_beagle	米格鲁
char_436_whispr	絮雨
char_144_projektred	红
char_190_clour	红云
char_290_vigna	红豆
char_4023_rfalcn	红隼
char_478_kirara	绮良
char_1035_wisdel	维什戴尔
char_4226_veen	维伊
char_4107_vrdant	维荻
char_4056_titi	缇缇
char_289_gyuki	缠丸
char_249_mlyss	缪尔赛思
char_451_robin	罗宾
char_484_robrta	罗比菈塔
char_421_crow	羽毛笔（拉菲艾拉）
char_192_falco	翎羽
char_322_lmlee	老鲤
char_4013_kjera	耶拉
char_4187_graceb	聆音
char_103_angel	能天使（蕾缪乐）
char_4227_gallus	自称原鸡
char_4054_malist	至简
char_127_estell	艾丝黛尔
char_4009_irene	艾丽妮
char_4123_ela	艾拉
char_180_amgoat	艾雅法拉
char_106_franka	芙兰卡
char_120_hibisc	芙蓉
char_123_fang	芬
char_271_spikes	芳汀
char_261_sddrag	苇草（拉芙希尼）
char_4106_bryota	苍苔（埃尼斯）
char_298_susuro	苏苏洛
char_4183_mortis	若叶睦
char_405_absin	苦艾
char_4139_papyrs	莎草
char_213_mostma	莫斯提马
char_4117_ray	莱伊（莱叶菈）
char_373_lionhd	莱恩哈特
char_4142_laios	莱欧斯
char_300_phenxi	菲亚梅塔
char_4148_philae	菲莱
char_4191_tippi	蒂比
char_129_bluep	蓝毒
char_4193_lemuen	蕾缪安
char_388_mint	薄绿
char_4098_vvana	薇薇安娜
char_489_serum	蚀清
char_150_snakek	蛇屠箱
char_449_glider	蜜莓
char_344_beewax	蜜蜡
char_4172_xingzh	行箸
char_4140_lasher	衡沙
char_4155_talr	裁度（卢奇诺）
char_4225_tanya	裂响（瑭雅）
char_4041_chnut	褐果
char_4036_forcer	见行者（艾泽尔）
char_199_yak	角峰
char_510_amedic	触痕
char_198_blackd	讯使
char_308_swire	诗怀雅
char_4173_nowell	诺威尔
char_181_flower	调香师
char_4017_puzzle	谜图
char_452_bstalk	豆苗
char_369_bena	贝娜
char_4037_demetr	贝洛内
char_349_chiave	贾维
char_475_akafyu	赤冬
char_4088_hodrer	赫德雷
char_188_helage	赫拉格
char_108_silent	赫默
char_4100_caper	跃跃
char_4047_pianst	车尔尼
char_157_dagda	达格达
char_109_fmout	远山
char_430_fartth	远牙（查丝汀娜）
char_391_rosmon	迷迭香
char_279_excu	送葬人
char_4133_logos	逻各斯
char_4202_haruka	遥（紫野遥）
char_513_apionr	郁金香
char_366_acdrop	酸糖
char_2024_chyue	重岳
char_496_wildmn	野鬃
char_4171_wulfen	钼铅
char_358_lisa	铃兰（丽萨）
char_4062_totter	铅踝（托特尔）
char_4083_chimes	铎铃
char_172_svrash	银灰
char_333_sidero	铸铁
char_508_aguard	锋刃
char_4116_blkkgt	锏
char_4151_tinman	锡人
char_348_ceylon	锡兰
char_457_blitz	闪击
char_147_shining	闪灵
char_225_haak	阿
char_4178_alanna	阿兰娜
char_4132_ascln	阿斯卡纶
char_277_sqrrel	阿消
char_002_amiya	阿米娅
char_446_aroma	阿罗玛
char_010_chen	陈（陈晖洁）
char_219_meteo	陨星
char_4010_etlchi	隐德来希
char_498_inside	隐现（里凯莱）
char_4211_snhunt	雪猎
char_466_qanik	雪绒
char_383_snsant	雪雉
char_107_liskam	雷蛇
char_4027_heyak	霍尔海雅
char_458_rfrost	霜华
char_193_frostl	霜叶
char_4130_luton	露托
char_488_buildr	青枳（安麦尔）
char_265_sophia	鞭刃
char_4016_kazema	风丸
char_511_asnipe	风暴眼
char_222_bpipe	风笛
char_4222_taraxa	风絮
char_241_panda	食铁兽（万笙笙）
char_240_wyvern	香草
char_445_wscoot	骋风
char_4134_cetsyr	魔王
char_4055_bgsnow	鸿雪
char_248_mgllan	麦哲伦
char_2025_shu	黍
char_340_shwaz	黑
char_500_noirc	黑角
char_4046_ebnhlz	黑键
char_4144_chilc	齐尔查克
char_486_takila	龙舌兰（埃内斯托）
